--Inserting In Department Table
INSERT INTO Department ( DeptName , Location )
VALUES
('Cardiology','Block A, Floor 2'),
('Neurology', 'Block B, Floor 3'),
('Orthopaedics', 'Block C, Floor 1'),
('Oncology', 'Block D, Floor 4'),
('General Medicine', 'Block A, Floor 1');
GO

--Inserting In Doctor Table
INSERT INTO DOCTOR
(FIRSTNAME, LASTNAME, SPECIALISATION, PHONE, HIREDATE, DEPTID)
VALUES
('JOHNNY', 'KOROMA', 'CARDIOLOGIST', '23276690080', '2021-01-15', 1),
('DANIEL', 'CONTEH', 'CARDIOLOGIST', '23277276234', '2020-03-20', 1),
('IBRAHIM', 'SMITH', 'NEUROLOGIST', '23277000003', '2019-07-10', 2),
('ALFRED', 'COLE', 'NEUROLOGIST', '23234690080', '2022-05-12', 2), 
('JAMES', 'SWARAY','SURGEON','23231776233', '2018-09-01', 3),
('JOHN', 'BANGURA', 'SURGEON', '23278690080', '2023-02-14', 3),
('JULIANA', 'JOHNSON', 'ONCOLOGIST', '23277345678', '2021-11-08', 4),
('JULIET', 'MASON', 'ONCOLOGIST', '23277544354', '2020-06-30', 4),
('ALFRED', 'KOI', 'GENERAL PHYSICIAN', '23288235434', '2017-04-25', 5), 
('JOHN', 'SMITH', 'CANCER SPECIALIST', '23276098765', '2022-08-18', 5);

--Inserting In Ward Table
INSERT INTO WARD (WARDNAME, CAPACITY, DEPTID)
VALUES
('WARD 1', 20, 1),
('WARD 2', 25, 2),
('WARD 3', 30, 3),
('WARD 4', 22, 4),
('WARD 5', 28, 5)

--Inserting In Patient Table
INSERT INTO PATIENT
(FIRSTNAME, LASTNAME, DOB, GENDER, ADDRESS, PHONE, INSURANCENO)
VALUES
('MOHAMED', 'KAMARA', '1990-05-12', 'M', '34 KISSY ROAD,FREETOWN', '076786544','MG-SL-INS-1021'),
('ABDUL', 'KOROMA', '1985-11-23', 'M', '12 WILKINSON ROAD, FREETOWN', '23277000002','MG-SL-INS-1002'),
('FATMATA', 'BANGURA','1992-03-08', 'F', 'LUMLEY BEACH ROAD, FREETOWN', '2327700003','MG-SL-INS-1087'),
('ISHA', 'SENGBEH', '1998-07-19', 'F', 'BO TOWN CENTER, BO', '23277000004','MG-SL-INS-1034'),
('JOSEPH', 'SESAY', '1980-01-14', 'M', 'KENEMA CITY', '23277000005','MG-SL-INS-1085'),
('HAWA', 'CONTEH', '1995-09-27', 'F', 'MAKENI MAIN ROAD', '23277000006','MG-SL-INS-1066'),
('SAIDU', 'KAMARA', '1988-04-05', 'M', 'PORT LOKO STREET', '23277000007','MG-SL-INS-1017'),
('MARIAMA', 'KOROMA', '1993-12-11', 'F', 'KOIDU NEW SEMBEHUN', '23277000008','MG-SL-INS-1020'),
('PATRICK', 'TURAY', '1987-03-06', 'M', 'FREETOWN EAST END', '23277000009','MG-SL-INS-1009'),
('RUGIATU', 'KARGBO', '1991-10-21', 'F', 'HILL STATION, FREETOWN', '23277000010','AI-SL-INS-0010'),
('ALHAJI', 'JALLOH', '1983-02-17', 'M', 'MAGBURAKA TOWN', '23277000011','AI-SL-INS-2408'),
('KADIATU', 'SESAY', '1996-08-09', 'F', 'KABALA ROAD', '23277000012','AI-SL-INS-2409'),
('MUSTAPHA', 'BANGURA', '1979-12-03', 'M', 'BO SOUTH', '23277000013','AI-SL-INS-2410'),
('ADAMA', 'KAMARA', '1994-01-28', 'F', 'KENEMA JUNCTION', '23277000014','AI-SL-INS-2414'),
('IBRAHIM', 'KOROMA', '1986-07-15', 'M', 'FREETOWN WEST', '23277000015','AI-SL-INS-2515'),
('FATU', 'CONTEH', '1999-03-22', 'F', 'MAKENI CENTRAL', '23277000016','AI-SL-INS-2516'),
('ALIE', 'SESAY', '1984-09-10', 'M', 'PORT LOKO EAST','23277000017','AI-SL-INS-2617'),
('ZANIB', 'KAMARA', '1997-05-06', 'F', 'LUMLEY, FREETOWN', '23277000018','AI-SL-INS-2618'),
('MOHAMED', 'TURAY', '1990-11-29', 'M', 'BO ROAD AREA', '23277000019','AI-SL-INS-2619'),
('HAJA', 'BANGURA', '1993-02-14', 'F', 'KISSY FREETOWN', '23277000020','AI-SL-INS-2610')

--Inserting In Appointment Table
INSERT INTO APPOINTMENT
(PATIENTID, DOCTORID, APPTDATE, APPTTIME, STATUS, NOTES)
VALUES
(1, 1, '2025-06-01', '09:00', 'SCHEDULED', 'INITIAL CONSULTATION'),
(2, 2, '2025-06-01', '09:30', 'COMPLETED', 'FOLLOW-UP VISIT'),
(3, 3,'2025-06-01', '10:00', 'SCHEDULED', 'HEADACHE ASSESSMENT'),
(4, 4,'2025-06-01', '10:30', 'CANCELLED', 'PATIENT UNAVAILABLE'),
(5, 5,'2025-06-01', '11:00', 'SCHEDULED', 'BORN INJURY CHECK'),

(6, 6,'2025-06-02', '09:00', 'COMPLETED', 'CANCER SCREENING'),
(7, 7,'2025-06-02', '09:30', 'SCHEDULED', 'GENERAL CHECK-UP'),
(8, 8,'2025-06-01', '10:00', 'SCHEDULED', 'NEUROLOGY REVIEW'),
(9, 9,'2025-06-01', '10:30', 'COMPLETED', 'ROUTINE CONSULTATION'),
(10, 10,'2025-06-01', '11:00', 'SCHEDULED', 'BLOOD PRESSURE REVIEW'),

(11, 1,'2025-06-03', '09:00', 'SCHEDULED', 'HEART EXAMINATION'),
(12, 2,'2025-06-03', '09:30', 'COMPLETED', 'FOLLOW-UP VISIT ECG'),
(13, 3,'2025-06-03', '10:00', 'CANCELLED', 'PATIENT RESCHEDULED'),
(14, 4,'2025-06-03', '10:30', 'SCHEDULED', 'NEUROLOGY CONSULTATION'),
(15, 5,'2025-06-03', '11:00', 'COMPLETED', 'FRACTURE REVIEW'),
(16, 6, '2025-06-04', '09:00', 'SCHEDULED', 'ONCOLOGY CHECK'),
(17, 7, '2025-06-04', '09:30', 'COMPLETED', 'ROUNTINE VISIT'),
(18, 8,'2025-06-04', '10:00', 'SCHEDULED', 'MRI REVIEW'),
(19, 9,'2025-06-04', '10:30', 'COMPLETED', 'MEDICATION FOLLOW-UP'),
(20, 10,'2025-06-04', '11:00', 'SCHEDULED', 'GENERAL DIAGNOSIS '),
(1, 2, '2025-06-05', '09:00', 'SCHEDULED', 'SECOND OPINION'),
(2, 3, '2025-06-05', '09:30', 'COMPLETED', 'NEUROLOGY SCAN REVIEW'),
(3, 4,'2025-06-05', '10:00', 'SCHEDULED', 'ORTHOPAEDIC CONSULTATION'),
(4, 5,'2025-06-05', '10:30', 'CANCELLED', 'PATIENT TRAVEL ISSUES'),
(5, 6,'2025-06-05', '11:00', 'SCHEDULED', 'CANCER FOLLOW-UP '),

(6, 7, '2025-06-06', '09:00', 'COMPLETED', 'GEVERAL CHECK-UP'),
(7, 8, '2025-06-06', '09:30', 'SCHEDULED', 'NEUROLOGY TEST'),
(8, 9,'2025-06-06', '10:00', 'COMPLETED', 'BLOOD TEST REVIEW'),
(9, 10,'2025-06-06', '10:30', 'SCHEDULED', 'CARDIOLOGY FOLLOW-UP'),
(10, 1,'2025-06-06', '11:00', 'COMPLETED', 'HEART MONITORING ')

--Inserting In Admission Table
INSERT INTO ADMISSION
(PATIENTID, WARDID, ADMITDATE, DISCHARGEDATE, DIAGNOSISCODE)
VALUES
(1, 1,'2025-05-01','2025-05-10', '110'),
(2,2,'2025-05-02',NULL, '121'),
(3, 3,'2025-05-03', '2025-05-08', 'G40'),
(4, 4,'2025-05-04', NULL, 'G43'),
(5, 5,'2025-05-05','2025-05-10', 'M16'),
(6, 1,'2025-05-06', NULL, 'M17'),
(7, 2,'2025-05-07', '2025-05-12', 'C34 '),
(8, 3,'2025-05-08', NULL, 'C50'),
(9, 4,'2025-05-09','2025-05-14', 'J18'),
(10, 5,'2025-05-10','2025-05-12', 'E11'),
(11, 1,'2025-05-11', '2025-05-15', '150'),
(12, 2,'2025-05-12', NULL, '160'),
(13, 3,'2025-05-13', '2025-05-18', 'G45'),
(14, 4,'2025-05-14', NULL, 'G20'),
(15, 5, '2025-05-15','2025-05-20','M54'),
(16, 1,'2025-05-11', '2025-05-15', '150'),
(17, 2,'2025-05-12', NULL, '160'),
(18, 3,'2025-05-13', '2025-05-18', 'G45'),
(19, 4,'2025-05-14', NULL, 'G20'),
(20, 5, '2025-05-15','2025-05-20','M54');

--Inserting In Medication Table
INSERT INTO MEDICATION
(MEDNAME, DOSAGEFORM, UNITCOST, STOCKQTY)
VALUES
('PARACETAMOL', 'TABLET', 0.50, 1000),
('AMOXICILLIN', 'CAPSULE', 1.2, 800),
('CIPROFLOXACIN', 'TABLET', 2.00, 600),
('METRONIDAZOLE', 'TABLET', 1.50, 700),
('IBUPROFEN', 'TABLET', 0.80, 900),
('ARTEMETHER', 'TABLET', 3.50, 500),
('COARTEM', 'TABLET', 3.00, 450),
('VITAMIN C', 'TABLET', 0.30, 1200),
('ORS', 'SACHET', 0.20, 1500),
('ALBENDAZOLE', 'TABLET', 0.60, 1000),
('LOKMAL', 'TABLET', 0.50, 1000);

--Inserting In Prescription Table
INSERT INTO PRESCRIPTION
(ADMISSIONID, MEDID, DOCTORID, QUANTITY, PRESCDATE)
VALUES
(1, 1,1,10, '2026-05-02'),
(2, 2,2,14, '2026-05-03'),
(3, 3, 3, 7, '2026-05-04'),
(4, 4,4,12, '2026-05-05'),
(5, 5,5,20, '2026-05-06'),
(6, 6, 6, 6, '2026-05-07'),
(7, 7,7,17, '2026-05-08'),
(8, 8, 8, 8, '2026-05-09'),
(9, 9, 9, 9, '2026-05-10'),
(10, 10,10,5, '2026-05-11'),
(11, 1, 1, 18, '2026-05-12'),
(12, 2,2,9, '2026-05-13'),
(13, 3, 3, 11, '2026-05-14'),
(14, 4, 4, 6, '2026-05-15'),
(15, 5, 5, 14, '2026-05-16'),
(1, 6, 6, 10, '2026-05-17'),
(2, 7,7,12, '2026-05-18'),
(3, 8, 8, 8, '2026-05-19'),
(4, 9, 9, 5, '2026-05-20'),
(5, 10, 10, 7, '2026-05-21')

--Inserting In Bill Table
INSERT INTO BILL
(PATIENTID, ADMISSIONID, TOTALAMOUNT,PAIDAMOUNT, BILLDATE, STATUS)
VALUES
(1, 1,250.00, 250.00, '2026-05-05', 'PAID'),
(2, 2,500.00, 200.00, '2026-05-06', 'PARTIAL'),
(3, 3,320.00, 320.00, '2026-05-07', 'PAID'),
(4, 4,450.00, 0.00, '2026-05-08', 'UNPAID'),
(5, 5,600.00, 300.00, '2026-05-09', 'PARTIAL'),
(6, 6,280.00, 280.00, '2026-05-10', 'PAID'),
(7, 7,750.00, 750.00, '2026-05-11', 'PAID'),
(8, 8,900.00, 400.00, '2026-05-12', 'PARTIAL'),
(9, 9,350.00, 350.00, '2026-05-13', 'PAID'),
(10, 10,420.00, 0.00, '2026-05-14', 'UNPAID'),
(11, 11,500.00, 500.00, '2026-05-15', 'PARTIAL'),
(12, 12,650.00, 300.00, '2026-05-16', 'PARTIAL'),
(13, 13,300.00, 300.00, '2026-05-17', 'PAID'),
(14, 14,700.00, 0.00, '2026-05-18', 'UNPAID'),
(15, 15,550.00, 550.00, '2026-05-19', 'PAID')

--Inserting In Staff Table
INSERT INTO STAFF
(FIRSTNAME, LASTNAME, ROLE, DEPTID, SALARY, STARTDATE)
VALUES
('MOSES', 'KOROMA', 'NURSE', 1, 2500.00, '2020-01-15'),
('FATMATA', 'SESAY', 'NURSE', 1, 2300.00, '2019-03-10'),
('IBRAHIM', 'KAMARA', 'LAB TECHNICIAN', 2, 2800.00, '2018-07-22'),
('HAWA', 'BANGURA', 'PHARMACIST', 3, 3000.00, '2021-05-18'),
('ALHAJI', 'CONTEH', 'RECEPTIONIST', 4, 1800.00, '2022-09-01'),

('ZANIB', 'KARGBO', 'NURSE', 2, 2400.00, '2020-11-12'),
('SAIDU', 'JALLOH', 'ACCOUNTANT', 5, 3500.00, '2017-02-25'),
('MARIAMA', 'TURAY', 'CLEANER', 3, 1200.00, '2021-08-30'),
('JOSEPH', 'SESAY', 'IT SUPPORT', 4, 3200.00, '2019-06-14'),
('ADAMA', 'KOROMA', 'ADMINISTRATOR', 5, 4000.00, '2016-04-05')

